review,sentiment
"The movie was fantastic, I loved it!",positive
"It was a terrible movie, I hated it.",negative
"What an amazing performance by the lead actor!",positive
"The plot was so boring and predictable.",negative
"Great movie! Highly recommended.",positive
"Absolutely awful, a waste of time.",negative
"A cinematic masterpiece, I was blown away!",positive
"Not good at all, very disappointing.",negative
"A thrilling adventure with great effects.",positive
"It was okay, neither good nor bad.",neutral
"The movie was fantastic, I loved it!",positive
"It was a terrible movie, I hated it.",negative
"It was a terrible movie, I hated it.",negative
"What an amazing performance by the lead actor!",positive
"The plot was so boring and predictable.",negative
"Great movie! Highly recommended.",positive
"Absolutely awful, a waste of time.",negative
"A cinematic masterpiece, I was blown away!",positive
"Not good at all, very disappointing.",negative
"A thrilling adventure with great effects.",positive
"It was okay, neither good nor bad.",neutral
"@Amazing movie! #BestExperience",positive
"The plot was really confusing & boring...",negative
"Such an awesome movie!! Really enjoyed it!",positive
"@Worst movie ever made! Not worth the time.",negative
"Great storyline, fantastic acting!!",positive
"Horrible movie, waste of money!",negative
"An average movie, nothing special about it.",neutral
"Such an awesome movie!! Really enjoyed it!",positive
"@Worst movie ever made! Not worth the time.",negative
"Fantastic performance by the cast. Loved it!",positive
"The movie was okay, but not my cup of tea.",neutral
"Great story, but the ending was weak.",negative
"One of the best movies of the year, must watch!",positive
"Such a disaster! Complete failure.",negative
"The film was too long and boring.",negative
"@What a great film! Highly recommended.",positive
"I didn't enjoy the movie, it was boring.",negative
"An excellent movie, I highly recommend it!",positive
"Terrible plot, I don't recommend it at all.",negative
"The movie had potential but fell flat.",neutral
"@Great cast, great story, a must-see movie!",positive
"The acting was superb, but the plot was weak.",negative
"I loved the plot, it was so unique!",positive
"The movie was too predictable for my liking.",negative
"Such a beautiful movie, I cried!",positive
"One of the worst films I've ever seen.",negative
"@Incredible! The best movie I've seen!",positive
"It was a waste of my time, really disappointing.",negative
"The movie had its moments, but overall it was meh.",neutral
"Great movie! Definitely worth watching.",positive
"Such a boring movie, not worth the hype.",negative
,negative
"I can't believe I watched this till the end.",negative
"One of the best action movies in years!",positive
"Such a tearjerker, I loved it!",positive
"The movie had a great premise, but poor execution.",negative
"Not as good as I expected, a bit underwhelming.",negative
"@Loved every second of it! Amazing!",positive
"@Loved every second of it! Amazing!",
"Terrible movie. I would never watch it again.",negative
"I was disappointed by the lack of depth in the story.",negative
"Fantastic special effects, but the plot lacked substance.",negative
"Great movie! Worth every penny!",positive
"Excellent direction and screenplay!",positive
"@Average at best. Nothing exceptional.",neutral
"Really enjoyable movie, highly recommend it!",positive
"Totally disappointing. I thought it would be better.",negative
"Such a thrilling movie, I was on the edge of my seat!",positive
"@It was okay, not the best movie, but not the worst.",neutral
"Great chemistry between the lead actors!",positive
"Not impressed. The movie didn’t live up to expectations.",negative
"A masterpiece in filmmaking, truly a must-watch!",positive
"Totally forgettable movie. No lasting impact.",negative
"The acting was great, but the story was dull.",negative
"Such a refreshing change from the usual movies!",positive
"Not worth watching. The story didn’t make sense.",negative
"Excellent direction, poor acting.",negative
"Great soundtrack, loved the music!",positive
"Such a drag, the movie was too slow.",negative
"Highly recommend this movie to everyone!",positive
"The plot was predictable, but it was still entertaining.",neutral
"A fun movie, but it could have been much better.",neutral
"@Fantastic acting by the lead actors.",positive
"An absolute flop. Couldn’t wait for it to end.",negative
"Wonderful, heartwarming movie!",positive
"Wonderful, heartwarming movie!",positive
"The movie was good, but a bit too long.",neutral
"@Best movie I’ve seen in years!",positive
"Such a disappointment! Wouldn’t recommend it.",negative